<?xml version="1.0" encoding="UTF-8" standalone="yes"?>
<manifest>
  <control namespace="Noels" constructor="PDFGenerator" version="1.0.2" display-name-key="PDFGenerator" description-key="PDFGenerator description" control-type="standard" api-version="1.3.16">
    <external-service-usage enabled="false"/>
    <property name="isProcessing" display-name-key="Is Processing PDF" description-key="Returns if one PDF is alread processing" of-type="TwoOptions" usage="output" required="true"/>
    <property name="process" display-name-key="Process PDF" description-key="Try to process new PDF" of-type="TwoOptions" usage="bound" required="true" default-value="false"/>
    <property name="contentJson" display-name-key="Content JSON" description-key="Definição completa do PDF em formato PDFMake" of-type="SingleLine.TextArea" usage="input" required="true"/>
    <property name="documentName" display-name-key="Document Name" description-key="Nome do arquivo a ser baixado" of-type="SingleLine.Text" usage="input" required="true"/>
    <resources>
      <code path="bundle.js" order="1"/>
    </resources>
    <feature-usage/>
    <built-by name="pac" version="1.43.6"/>
  </control>
</manifest>